#,Title,Difficulty,Platform,Problem URL,Topic,Pattern,Popularity,Companies
1,Two Sum,Easy,LeetCode,https://leetcode.com/problems/two-sum/,Arrays,Hash Map Lookup,MUST_DO,"Amazon, Google, Apple, Microsoft, Facebook"
2,Best Time to Buy and Sell Stock,Easy,LeetCode,https://leetcode.com/problems/best-time-to-buy-and-sell-stock/,Arrays,Kadane's Variant,MUST_DO,"Amazon, Microsoft, Goldman Sachs"
3,Contains Duplicate,Easy,LeetCode,https://leetcode.com/problems/contains-duplicate/,Arrays,HashSet,HIGH,"Apple, Google, Adobe"
4,Product of Array Except Self,Medium,LeetCode,https://leetcode.com/problems/product-of-array-except-self/,Arrays,Prefix/Suffix Product,MUST_DO,"Amazon, Facebook, Microsoft"
5,Maximum Subarray,Medium,LeetCode,https://leetcode.com/problems/maximum-subarray/,Arrays,Kadane's Algorithm,MUST_DO,"Amazon, Apple, LinkedIn, Nvidia"
6,Maximum Product Subarray,Medium,LeetCode,https://leetcode.com/problems/maximum-product-subarray/,Arrays,Kadane's Variant,HIGH,"Amazon, Microsoft, Google"
7,Find Minimum in Rotated Sorted Array,Medium,LeetCode,https://leetcode.com/problems/find-minimum-in-rotated-sorted-array/,Arrays,Binary Search,HIGH,"Google, Amazon, Adobe"
8,Search in Rotated Sorted Array,Medium,LeetCode,https://leetcode.com/problems/search-in-rotated-sorted-array/,Arrays,Binary Search,MUST_DO,"Facebook, Google, Amazon, Microsoft"
9,3Sum,Medium,LeetCode,https://leetcode.com/problems/3sum/,Arrays,Two Pointers,MUST_DO,"Facebook, Amazon, Adobe, Microsoft"
10,Container With Most Water,Medium,LeetCode,https://leetcode.com/problems/container-with-most-water/,Arrays,Two Pointers,MUST_DO,"Amazon, Apple, Bloomberg"
11,Trapping Rain Water,Hard,LeetCode,https://leetcode.com/problems/trapping-rain-water/,Arrays,Two Pointers / Stack,MUST_DO,"Amazon, Goldman Sachs, Microsoft, Google"
12,Merge Intervals,Medium,LeetCode,https://leetcode.com/problems/merge-intervals/,Arrays,Sorting + Greedy,MUST_DO,"Facebook, Google, Twitter, Amazon"
13,Next Permutation,Medium,LeetCode,https://leetcode.com/problems/next-permutation/,Arrays,In-place Simulation,HIGH,"Microsoft, Google, Amazon"
14,Sort Colors,Medium,LeetCode,https://leetcode.com/problems/sort-colors/,Arrays,Dutch National Flag,HIGH,"Microsoft, Amazon, Goldman Sachs"
15,Rotate Array,Medium,LeetCode,https://leetcode.com/problems/rotate-array/,Arrays,Reversal Algorithm,HIGH,"Microsoft, Amazon, Adobe"
16,Subarray Sum Equals K,Medium,LeetCode,https://leetcode.com/problems/subarray-sum-equals-k/,Arrays,Prefix Sum + HashMap,MUST_DO,"Facebook, Google, Amazon"
17,Jump Game,Medium,LeetCode,https://leetcode.com/problems/jump-game/,Arrays,Greedy,HIGH,"Amazon, Microsoft, Apple"
18,Set Matrix Zeroes,Medium,LeetCode,https://leetcode.com/problems/set-matrix-zeroes/,Arrays,In-place Simulation,HIGH,"Amazon, Microsoft, Oracle"
19,Spiral Matrix,Medium,LeetCode,https://leetcode.com/problems/spiral-matrix/,Arrays,Simulation,HIGH,"Amazon, Microsoft, Apple, Samsung"
20,Find All Duplicates in an Array,Medium,LeetCode,https://leetcode.com/problems/find-all-duplicates-in-an-array/,Arrays,Index Marking,MEDIUM,"Amazon, Google"
21,Valid Anagram,Easy,LeetCode,https://leetcode.com/problems/valid-anagram/,Strings,Frequency Count,MUST_DO,"Amazon, Google, Uber"
22,Valid Palindrome,Easy,LeetCode,https://leetcode.com/problems/valid-palindrome/,Strings,Two Pointers,MUST_DO,"Facebook, Microsoft, Apple"
23,Longest Substring Without Repeating Characters,Medium,LeetCode,https://leetcode.com/problems/longest-substring-without-repeating-characters/,Strings,Sliding Window,MUST_DO,"Amazon, Adobe, Google, Facebook"
24,Longest Palindromic Substring,Medium,LeetCode,https://leetcode.com/problems/longest-palindromic-substring/,Strings,Expand Around Center,MUST_DO,"Amazon, Microsoft, Google"
25,Group Anagrams,Medium,LeetCode,https://leetcode.com/problems/group-anagrams/,Strings,Sorting + HashMap,MUST_DO,"Amazon, Facebook, Bloomberg"
26,Encode and Decode Strings,Medium,LeetCode,https://leetcode.com/problems/encode-and-decode-strings/,Strings,Delimiter Encoding,HIGH,"Google, Facebook, Amazon"
27,Minimum Window Substring,Hard,LeetCode,https://leetcode.com/problems/minimum-window-substring/,Strings,Sliding Window,MUST_DO,"Facebook, Uber, Amazon, LinkedIn"
28,Palindromic Substrings,Medium,LeetCode,https://leetcode.com/problems/palindromic-substrings/,Strings,Expand Around Center,HIGH,"Amazon, Facebook, Google"
29,Longest Repeating Character Replacement,Medium,LeetCode,https://leetcode.com/problems/longest-repeating-character-replacement/,Strings,Sliding Window,HIGH,"Google, Amazon"
30,Find All Anagrams in a String,Medium,LeetCode,https://leetcode.com/problems/find-all-anagrams-in-a-string/,Strings,Sliding Window,HIGH,"Amazon, Uber, Facebook"
31,String to Integer (atoi),Medium,LeetCode,https://leetcode.com/problems/string-to-integer-atoi/,Strings,State Machine,HIGH,"Amazon, Microsoft, Apple"
32,Roman to Integer,Easy,LeetCode,https://leetcode.com/problems/roman-to-integer/,Strings,Hash Map Lookup,HIGH,"Amazon, Microsoft, Uber, Facebook"
33,Count and Say,Medium,LeetCode,https://leetcode.com/problems/count-and-say/,Strings,String Simulation,MEDIUM,"Google, Facebook, Amazon"
34,Word Break,Medium,LeetCode,https://leetcode.com/problems/word-break/,Strings,DP + HashSet,MUST_DO,"Google, Amazon, Facebook, Bloomberg"
35,Implement strStr(),Easy,LeetCode,https://leetcode.com/problems/find-the-index-of-the-first-occurrence-in-a-string/,Strings,KMP / Brute Force,HIGH,"Amazon, Microsoft, Google"
36,Zigzag Conversion,Medium,LeetCode,https://leetcode.com/problems/zigzag-conversion/,Strings,Simulation,MEDIUM,"Amazon, Google, Bloomberg"
37,Reverse Words in a String,Medium,LeetCode,https://leetcode.com/problems/reverse-words-in-a-string/,Strings,Two Pointers,HIGH,"Amazon, Microsoft, Facebook"
38,Longest Common Prefix,Easy,LeetCode,https://leetcode.com/problems/longest-common-prefix/,Strings,Vertical Scanning,HIGH,"Amazon, Google, Adobe"
39,Permutation in String,Medium,LeetCode,https://leetcode.com/problems/permutation-in-string/,Strings,Sliding Window,HIGH,"Amazon, Microsoft, Google"
40,Decode Ways,Medium,LeetCode,https://leetcode.com/problems/decode-ways/,Strings,DP,HIGH,"Facebook, Amazon, Google"
41,Two Sum,Easy,LeetCode,https://leetcode.com/problems/two-sum/,Hashing,HashMap,MUST_DO,"Amazon, Google, Apple"
42,Four Sum II,Medium,LeetCode,https://leetcode.com/problems/4sum-ii/,Hashing,HashMap Count,MEDIUM,"Amazon, Google"
43,Subarray Sum Equals K,Medium,LeetCode,https://leetcode.com/problems/subarray-sum-equals-k/,Hashing,Prefix Sum + HashMap,MUST_DO,"Facebook, Google, Amazon"
44,Longest Consecutive Sequence,Medium,LeetCode,https://leetcode.com/problems/longest-consecutive-sequence/,Hashing,HashSet Greedy,MUST_DO,"Google, Facebook, Amazon"
45,Top K Frequent Elements,Medium,LeetCode,https://leetcode.com/problems/top-k-frequent-elements/,Hashing,Bucket Sort / HashMap,MUST_DO,"Amazon, Facebook, LinkedIn"
46,Find Duplicate Subtrees,Medium,LeetCode,https://leetcode.com/problems/find-duplicate-subtrees/,Hashing,Serialization + HashMap,MEDIUM,"Google, Amazon"
47,First Missing Positive,Hard,LeetCode,https://leetcode.com/problems/first-missing-positive/,Hashing,Index Hashing,HIGH,"Amazon, Microsoft, Apple"
48,Group Anagrams,Medium,LeetCode,https://leetcode.com/problems/group-anagrams/,Hashing,Sort Key HashMap,MUST_DO,"Amazon, Facebook, Bloomberg"
49,Isomorphic Strings,Easy,LeetCode,https://leetcode.com/problems/isomorphic-strings/,Hashing,Two HashMaps,HIGH,"LinkedIn, Amazon, Google"
50,Word Pattern,Easy,LeetCode,https://leetcode.com/problems/word-pattern/,Hashing,Two HashMaps,MEDIUM,"Dropbox, Google"
51,Number of Boomerangs,Medium,LeetCode,https://leetcode.com/problems/number-of-boomerangs/,Hashing,Distance HashMap,MEDIUM,Google
52,Minimum Index Sum of Two Lists,Easy,LeetCode,https://leetcode.com/problems/minimum-index-sum-of-two-lists/,Hashing,HashMap Index,MEDIUM,Amazon
53,Copy List with Random Pointer,Medium,LeetCode,https://leetcode.com/problems/copy-list-with-random-pointer/,Hashing,HashMap Cloning,HIGH,"Amazon, Microsoft, Facebook"
54,Contiguous Array,Medium,LeetCode,https://leetcode.com/problems/contiguous-array/,Hashing,Prefix Sum + HashMap,HIGH,"Facebook, Amazon"
55,Find the Difference,Easy,LeetCode,https://leetcode.com/problems/find-the-difference/,Hashing,XOR / HashMap,MEDIUM,"Amazon, Google"
56,Brick Wall,Medium,LeetCode,https://leetcode.com/problems/brick-wall/,Hashing,HashMap Frequency,MEDIUM,"Facebook, Google"
57,Ransom Note,Easy,LeetCode,https://leetcode.com/problems/ransom-note/,Hashing,Frequency Count,HIGH,"Amazon, Google, Bloomberg"
58,Uncommon Words from Two Sentences,Easy,LeetCode,https://leetcode.com/problems/uncommon-words-from-two-sentences/,Hashing,HashMap Count,MEDIUM,Google
59,Check if Array Pairs Are Divisible by k,Medium,LeetCode,https://leetcode.com/problems/check-if-array-pairs-are-divisible-by-k/,Hashing,Modulo HashMap,MEDIUM,"Amazon, Grab"
60,Number of Pairs of Interchangeable Rectangles,Medium,LeetCode,https://leetcode.com/problems/number-of-pairs-of-interchangeable-rectangles/,Hashing,Ratio HashMap,MEDIUM,Amazon
61,Maximum Average Subarray I,Easy,LeetCode,https://leetcode.com/problems/maximum-average-subarray-i/,Sliding Window,Fixed Window,HIGH,"Google, Amazon"
62,Minimum Size Subarray Sum,Medium,LeetCode,https://leetcode.com/problems/minimum-size-subarray-sum/,Sliding Window,Variable Window,HIGH,"Amazon, Bloomberg, Microsoft"
63,Longest Substring Without Repeating Characters,Medium,LeetCode,https://leetcode.com/problems/longest-substring-without-repeating-characters/,Sliding Window,Variable Window + Set,MUST_DO,"Amazon, Google, Facebook"
64,Permutation in String,Medium,LeetCode,https://leetcode.com/problems/permutation-in-string/,Sliding Window,Fixed Window + Freq,HIGH,"Amazon, Microsoft"
65,Find All Anagrams in a String,Medium,LeetCode,https://leetcode.com/problems/find-all-anagrams-in-a-string/,Sliding Window,Fixed Window + Freq,HIGH,"Amazon, Uber, Facebook"
66,Minimum Window Substring,Hard,LeetCode,https://leetcode.com/problems/minimum-window-substring/,Sliding Window,Variable Window + Freq,MUST_DO,"Facebook, LinkedIn, Amazon"
67,Longest Repeating Character Replacement,Medium,LeetCode,https://leetcode.com/problems/longest-repeating-character-replacement/,Sliding Window,Variable Window + Max Freq,HIGH,"Google, Amazon"
68,Max Consecutive Ones III,Medium,LeetCode,https://leetcode.com/problems/max-consecutive-ones-iii/,Sliding Window,Variable Window,HIGH,"Google, Amazon, Bloomberg"
69,Sliding Window Maximum,Hard,LeetCode,https://leetcode.com/problems/sliding-window-maximum/,Sliding Window,Deque-based Window,MUST_DO,"Amazon, Microsoft, Google"
70,Fruit Into Baskets,Medium,LeetCode,https://leetcode.com/problems/fruit-into-baskets/,Sliding Window,Variable Window + HashMap,HIGH,"Google, Amazon"
71,Subarrays with K Different Integers,Hard,LeetCode,https://leetcode.com/problems/subarrays-with-k-different-integers/,Sliding Window,Atmost K Trick,HIGH,"Amazon, Google"
72,Count Occurrences of Anagrams,Medium,GFG,https://practice.geeksforgeeks.org/problems/count-occurences-of-anagrams5839/1,Sliding Window,Fixed Window + Freq,HIGH,"Amazon, Samsung"
73,Longest K unique characters substring,Medium,GFG,https://practice.geeksforgeeks.org/problems/longest-k-unique-characters-substring0853/1,Sliding Window,Variable Window,HIGH,"Amazon, Microsoft"
74,Number of Substrings Containing All Three Characters,Medium,LeetCode,https://leetcode.com/problems/number-of-substrings-containing-all-three-characters/,Sliding Window,Variable Window,MEDIUM,"Google, Amazon"
75,Binary Subarrays With Sum,Medium,LeetCode,https://leetcode.com/problems/binary-subarrays-with-sum/,Sliding Window,Prefix Sum / Sliding,MEDIUM,"Google, Facebook"
76,Minimum Operations to Reduce X to Zero,Medium,LeetCode,https://leetcode.com/problems/minimum-operations-to-reduce-x-to-zero/,Sliding Window,Max Subarray = Total-X,HIGH,"Amazon, Google"
77,Longest Subarray of 1's After Deleting One Element,Medium,LeetCode,https://leetcode.com/problems/longest-subarray-of-1s-after-deleting-one-element/,Sliding Window,Variable Window,HIGH,"Amazon, Google"
78,K Radius Subarray Averages,Medium,LeetCode,https://leetcode.com/problems/k-radius-subarray-averages/,Sliding Window,Fixed Window,MEDIUM,Amazon
79,Diet Plan Performance,Easy,LeetCode,https://leetcode.com/problems/diet-plan-performance/,Sliding Window,Fixed Window,MEDIUM,Philips
80,Maximum Points You Can Obtain from Cards,Medium,LeetCode,https://leetcode.com/problems/maximum-points-you-can-obtain-from-cards/,Sliding Window,Fixed Window (reverse logic),HIGH,"Amazon, Google"
81,Valid Palindrome,Easy,LeetCode,https://leetcode.com/problems/valid-palindrome/,Two Pointers,Converging Pointers,MUST_DO,"Facebook, Microsoft, Apple"
82,Two Sum II - Input Array Is Sorted,Medium,LeetCode,https://leetcode.com/problems/two-sum-ii-input-array-is-sorted/,Two Pointers,Converging Pointers,HIGH,"Amazon, Bloomberg"
83,3Sum,Medium,LeetCode,https://leetcode.com/problems/3sum/,Two Pointers,Sort + Two Pointers,MUST_DO,"Facebook, Amazon, Adobe"
84,Container With Most Water,Medium,LeetCode,https://leetcode.com/problems/container-with-most-water/,Two Pointers,Converging Pointers,MUST_DO,"Amazon, Bloomberg"
85,Trapping Rain Water,Hard,LeetCode,https://leetcode.com/problems/trapping-rain-water/,Two Pointers,Two Pointer Water Level,MUST_DO,"Amazon, Goldman Sachs, Google"
86,Remove Duplicates from Sorted Array,Easy,LeetCode,https://leetcode.com/problems/remove-duplicates-from-sorted-array/,Two Pointers,Slow-Fast Pointers,HIGH,"Microsoft, Amazon, Bloomberg"
87,Move Zeroes,Easy,LeetCode,https://leetcode.com/problems/move-zeroes/,Two Pointers,Slow-Fast Pointers,HIGH,"Facebook, Bloomberg, Apple"
88,Sort Array By Parity,Easy,LeetCode,https://leetcode.com/problems/sort-array-by-parity/,Two Pointers,Partition,MEDIUM,"Amazon, Google"
89,Boats to Save People,Medium,LeetCode,https://leetcode.com/problems/boats-to-save-people/,Two Pointers,Greedy + Two Pointers,HIGH,Amazon
90,Squares of a Sorted Array,Easy,LeetCode,https://leetcode.com/problems/squares-of-a-sorted-array/,Two Pointers,Converging Pointers,HIGH,"Google, Amazon, Facebook"
91,4Sum,Medium,LeetCode,https://leetcode.com/problems/4sum/,Two Pointers,Sort + Two Pointers,HIGH,"Amazon, Adobe, Google"
92,Partition Array into Two Arrays to Minimize Sum Difference,Hard,LeetCode,https://leetcode.com/problems/partition-array-into-two-arrays-to-minimize-sum-difference/,Two Pointers,Meet in the Middle,MEDIUM,Google
93,Merge Sorted Array,Easy,LeetCode,https://leetcode.com/problems/merge-sorted-array/,Two Pointers,Two Pointers from End,MUST_DO,"Facebook, Amazon, Google"
94,Reverse String,Easy,LeetCode,https://leetcode.com/problems/reverse-string/,Two Pointers,Converging Pointers,HIGH,"Facebook, Amazon"
95,Longest Mountain in Array,Medium,LeetCode,https://leetcode.com/problems/longest-mountain-in-array/,Two Pointers,Two Pass,MEDIUM,"Google, Amazon"
96,Partition Labels,Medium,LeetCode,https://leetcode.com/problems/partition-labels/,Two Pointers,Greedy + Two Pointers,HIGH,"Amazon, Facebook"
97,Minimum Difference Between Highest and Lowest of K Scores,Easy,LeetCode,https://leetcode.com/problems/minimum-difference-between-highest-and-lowest-of-k-scores/,Two Pointers,Sliding Fixed Window,MEDIUM,Amazon
98,Number of Subsequences That Satisfy the Given Sum Condition,Medium,LeetCode,https://leetcode.com/problems/number-of-subsequences-that-satisfy-the-given-sum-condition/,Two Pointers,Sort + Two Pointers,HIGH,"Google, Facebook"
99,Shortest Distance to a Character,Easy,LeetCode,https://leetcode.com/problems/shortest-distance-to-a-character/,Two Pointers,Two Pass,MEDIUM,"Amazon, Facebook"
100,Bag of Tokens,Medium,LeetCode,https://leetcode.com/problems/bag-of-tokens/,Two Pointers,Greedy + Two Pointers,MEDIUM,Amazon
101,Valid Parentheses,Easy,LeetCode,https://leetcode.com/problems/valid-parentheses/,Stack,Matching Stack,MUST_DO,"Amazon, Facebook, Microsoft, Bloomberg"
102,Min Stack,Medium,LeetCode,https://leetcode.com/problems/min-stack/,Stack,Auxiliary Stack,MUST_DO,"Amazon, Bloomberg, Facebook"
103,Evaluate Reverse Polish Notation,Medium,LeetCode,https://leetcode.com/problems/evaluate-reverse-polish-notation/,Stack,Operand Stack,HIGH,"Amazon, LinkedIn"
104,Generate Parentheses,Medium,LeetCode,https://leetcode.com/problems/generate-parentheses/,Stack,Backtracking,HIGH,"Google, Amazon, Facebook"
105,Daily Temperatures,Medium,LeetCode,https://leetcode.com/problems/daily-temperatures/,Stack,Monotonic Stack,MUST_DO,"Amazon, Facebook, Uber"
106,Car Fleet,Medium,LeetCode,https://leetcode.com/problems/car-fleet/,Stack,Monotonic Stack,HIGH,"Amazon, Google"
107,Largest Rectangle in Histogram,Hard,LeetCode,https://leetcode.com/problems/largest-rectangle-in-histogram/,Stack,Monotonic Stack,MUST_DO,"Amazon, Microsoft, Google"
108,Next Greater Element I,Easy,LeetCode,https://leetcode.com/problems/next-greater-element-i/,Stack,Monotonic Stack,HIGH,"Amazon, Microsoft, Google"
109,Next Greater Element II,Medium,LeetCode,https://leetcode.com/problems/next-greater-element-ii/,Stack,Monotonic Stack + Circular,HIGH,"Amazon, Google"
110,Decode String,Medium,LeetCode,https://leetcode.com/problems/decode-string/,Stack,String Stack,HIGH,"Google, Facebook, Uber"
111,Remove All Adjacent Duplicates In String,Easy,LeetCode,https://leetcode.com/problems/remove-all-adjacent-duplicates-in-string/,Stack,Char Stack,HIGH,"Amazon, Google"
112,Asteroid Collision,Medium,LeetCode,https://leetcode.com/problems/asteroid-collision/,Stack,Simulation Stack,HIGH,"Amazon, Google, Facebook"
113,Basic Calculator II,Medium,LeetCode,https://leetcode.com/problems/basic-calculator-ii/,Stack,Expression Stack,HIGH,"Amazon, Facebook, Google"
114,132 Pattern,Medium,LeetCode,https://leetcode.com/problems/132-pattern/,Stack,Monotonic Stack,HIGH,"Google, Amazon"
115,Score of Parentheses,Medium,LeetCode,https://leetcode.com/problems/score-of-parentheses/,Stack,Depth Stack,MEDIUM,"Amazon, Google"
116,Sum of Subarray Minimums,Medium,LeetCode,https://leetcode.com/problems/sum-of-subarray-minimums/,Stack,Monotonic Stack,HIGH,"Amazon, Google"
117,Online Stock Span,Medium,LeetCode,https://leetcode.com/problems/online-stock-span/,Stack,Monotonic Stack,HIGH,"Amazon, Bloomberg, Google"
118,Maximum Width Ramp,Medium,LeetCode,https://leetcode.com/problems/maximum-width-ramp/,Stack,Monotonic Stack,MEDIUM,"Google, Amazon"
119,Simplify Path,Medium,LeetCode,https://leetcode.com/problems/simplify-path/,Stack,String + Stack,HIGH,"Facebook, Amazon"
120,Remove K Digits,Medium,LeetCode,https://leetcode.com/problems/remove-k-digits/,Stack,Monotonic Stack + Greedy,HIGH,"Google, Amazon"
121,Number of Recent Calls,Easy,LeetCode,https://leetcode.com/problems/number-of-recent-calls/,Queue,Simple Queue,MEDIUM,"Google, Amazon"
122,Design Circular Queue,Medium,LeetCode,https://leetcode.com/problems/design-circular-queue/,Queue,Array-based Circular,HIGH,"Amazon, Microsoft, Google"
123,Sliding Window Maximum,Hard,LeetCode,https://leetcode.com/problems/sliding-window-maximum/,Queue,Monotonic Deque,MUST_DO,"Amazon, Google, Microsoft"
124,First Non-Repeating Character,Medium,GFG,https://practice.geeksforgeeks.org/problems/first-non-repeating-character-in-a-stream1216/1,Queue,Queue + Freq Map,HIGH,"Amazon, Microsoft, Flipkart"
125,Rotting Oranges,Medium,LeetCode,https://leetcode.com/problems/rotting-oranges/,Queue,Multi-source BFS,HIGH,"Amazon, Google, DoorDash"
126,Task Scheduler,Medium,LeetCode,https://leetcode.com/problems/task-scheduler/,Queue,Greedy + Queue,HIGH,"Facebook, Amazon, Google"
127,Design Hit Counter,Medium,LeetCode,https://leetcode.com/problems/design-hit-counter/,Queue,Sliding Window Queue,HIGH,"Dropbox, Google, Amazon"
128,Maximum Performance of a Team,Hard,LeetCode,https://leetcode.com/problems/maximum-performance-of-a-team/,Queue,Min-Heap + Sort,MEDIUM,"Amazon, Google"
129,Dota2 Senate,Medium,LeetCode,https://leetcode.com/problems/dota2-senate/,Queue,Greedy + Two Queues,MEDIUM,Amazon
130,Implement Stack using Queues,Easy,LeetCode,https://leetcode.com/problems/implement-stack-using-queues/,Queue,Queue Simulation,HIGH,"Amazon, Bloomberg"
131,Implement Queue using Stacks,Easy,LeetCode,https://leetcode.com/problems/implement-queue-using-stacks/,Queue,Amortized O(1),HIGH,"Amazon, Bloomberg, Microsoft"
132,Walls and Gates,Medium,LeetCode,https://leetcode.com/problems/walls-and-gates/,Queue,Multi-source BFS,HIGH,"Facebook, Google, Amazon"
133,Open the Lock,Medium,LeetCode,https://leetcode.com/problems/open-the-lock/,Queue,BFS + Queue,HIGH,"Google, Amazon"
134,Shortest Path in Binary Matrix,Medium,LeetCode,https://leetcode.com/problems/shortest-path-in-binary-matrix/,Queue,BFS,HIGH,"Google, Amazon, Facebook"
135,Jump Game VI,Medium,LeetCode,https://leetcode.com/problems/jump-game-vi/,Queue,DP + Deque,HIGH,"Amazon, Google"
136,Shortest Bridge,Medium,LeetCode,https://leetcode.com/problems/shortest-bridge/,Queue,DFS + BFS + Queue,HIGH,"Google, Amazon"
137,K-th Largest Element in a Stream,Easy,LeetCode,https://leetcode.com/problems/kth-largest-element-in-a-stream/,Queue,Min-Heap,HIGH,"Amazon, Facebook, Google"
138,Last Stone Weight,Easy,LeetCode,https://leetcode.com/problems/last-stone-weight/,Queue,Max-Heap Simulation,MEDIUM,"Amazon, Google"
139,Constrained Subsequence Sum,Hard,LeetCode,https://leetcode.com/problems/constrained-subsequence-sum/,Queue,DP + Monotonic Deque,MEDIUM,"Google, Amazon"
140,Minimum Cost to Hire K Workers,Hard,LeetCode,https://leetcode.com/problems/minimum-cost-to-hire-k-workers/,Queue,Sort + Max-Heap,MEDIUM,"Google, Amazon"
141,Reverse Linked List,Easy,LeetCode,https://leetcode.com/problems/reverse-linked-list/,Linked List,Iterative / Recursive,MUST_DO,"Amazon, Google, Microsoft, Facebook"
142,Merge Two Sorted Lists,Easy,LeetCode,https://leetcode.com/problems/merge-two-sorted-lists/,Linked List,Two Pointer Merge,MUST_DO,"Amazon, Microsoft, Google"
143,Linked List Cycle,Easy,LeetCode,https://leetcode.com/problems/linked-list-cycle/,Linked List,Floyd's Cycle Detection,MUST_DO,"Amazon, Microsoft, Google, Yahoo"
144,Linked List Cycle II,Medium,LeetCode,https://leetcode.com/problems/linked-list-cycle-ii/,Linked List,Floyd's Cycle + Entry,HIGH,"Amazon, Microsoft"
145,Find the Duplicate Number,Medium,LeetCode,https://leetcode.com/problems/find-the-duplicate-number/,Linked List,Floyd's Cycle,HIGH,"Bloomberg, Amazon"
146,Remove Nth Node From End of List,Medium,LeetCode,https://leetcode.com/problems/remove-nth-node-from-end-of-list/,Linked List,Two Pointers,MUST_DO,"Amazon, Facebook, Microsoft"
147,Reorder List,Medium,LeetCode,https://leetcode.com/problems/reorder-list/,Linked List,Find Mid + Reverse + Merge,HIGH,"Amazon, Facebook"
148,Middle of the Linked List,Easy,LeetCode,https://leetcode.com/problems/middle-of-the-linked-list/,Linked List,Slow-Fast Pointer,HIGH,"Amazon, Facebook, Google"
149,Palindrome Linked List,Easy,LeetCode,https://leetcode.com/problems/palindrome-linked-list/,Linked List,Reverse Half + Compare,HIGH,"Amazon, Facebook, Microsoft"
150,LRU Cache,Medium,LeetCode,https://leetcode.com/problems/lru-cache/,Linked List,DLL + HashMap,MUST_DO,"Amazon, Facebook, Google, Microsoft"
151,Copy List with Random Pointer,Medium,LeetCode,https://leetcode.com/problems/copy-list-with-random-pointer/,Linked List,HashMap Clone,HIGH,"Amazon, Microsoft, Facebook"
152,Add Two Numbers,Medium,LeetCode,https://leetcode.com/problems/add-two-numbers/,Linked List,Digit-by-digit simulation,MUST_DO,"Amazon, Microsoft, Google"
153,Merge K Sorted Lists,Hard,LeetCode,https://leetcode.com/problems/merge-k-sorted-lists/,Linked List,Min-Heap / D&C,MUST_DO,"Amazon, Facebook, Google, LinkedIn"
154,Reverse Nodes in k-Group,Hard,LeetCode,https://leetcode.com/problems/reverse-nodes-in-k-group/,Linked List,Recursive Reverse,HIGH,"Amazon, Microsoft, Google"
155,Swap Nodes in Pairs,Medium,LeetCode,https://leetcode.com/problems/swap-nodes-in-pairs/,Linked List,Iterative Swap,HIGH,"Amazon, Microsoft"
156,Rotate List,Medium,LeetCode,https://leetcode.com/problems/rotate-list/,Linked List,Find Tail + Connect,MEDIUM,"Amazon, Microsoft"
157,Remove Duplicates from Sorted List,Easy,LeetCode,https://leetcode.com/problems/remove-duplicates-from-sorted-list/,Linked List,Traverse + Skip,HIGH,"Amazon, Microsoft, Bloomberg"
158,Flatten a Multilevel Doubly Linked List,Medium,LeetCode,https://leetcode.com/problems/flatten-a-multilevel-doubly-linked-list/,Linked List,DFS / Stack,HIGH,"Amazon, Facebook"
159,Odd Even Linked List,Medium,LeetCode,https://leetcode.com/problems/odd-even-linked-list/,Linked List,Two Pointer Partition,HIGH,"Amazon, Microsoft"
160,Partition List,Medium,LeetCode,https://leetcode.com/problems/partition-list/,Linked List,Two Lists + Merge,MEDIUM,"Amazon, Microsoft"
161,Invert Binary Tree,Easy,LeetCode,https://leetcode.com/problems/invert-binary-tree/,Trees,Recursive DFS,MUST_DO,"Amazon, Apple, Google"
162,Maximum Depth of Binary Tree,Easy,LeetCode,https://leetcode.com/problems/maximum-depth-of-binary-tree/,Trees,Recursive DFS,MUST_DO,"Amazon, LinkedIn, Apple"
163,Diameter of Binary Tree,Easy,LeetCode,https://leetcode.com/problems/diameter-of-binary-tree/,Trees,DFS + Max Path,MUST_DO,"Facebook, Amazon, Google"
164,Balanced Binary Tree,Easy,LeetCode,https://leetcode.com/problems/balanced-binary-tree/,Trees,Height + Balance Check,HIGH,"Amazon, LinkedIn, Google"
165,Same Tree,Easy,LeetCode,https://leetcode.com/problems/same-tree/,Trees,Parallel DFS,HIGH,"Amazon, Bloomberg"
166,Subtree of Another Tree,Easy,LeetCode,https://leetcode.com/problems/subtree-of-another-tree/,Trees,Recursive Matching,HIGH,"Amazon, Facebook"
167,Lowest Common Ancestor of a BST,Medium,LeetCode,https://leetcode.com/problems/lowest-common-ancestor-of-a-binary-search-tree/,Trees,BST Property,MUST_DO,"Amazon, Facebook, LinkedIn"
168,Binary Tree Level Order Traversal,Medium,LeetCode,https://leetcode.com/problems/binary-tree-level-order-traversal/,Trees,BFS Queue,MUST_DO,"Amazon, Microsoft, Facebook"
169,Binary Tree Right Side View,Medium,LeetCode,https://leetcode.com/problems/binary-tree-right-side-view/,Trees,BFS / DFS,HIGH,"Amazon, Facebook"
170,Count Good Nodes in Binary Tree,Medium,LeetCode,https://leetcode.com/problems/count-good-nodes-in-binary-tree/,Trees,DFS + Max Path,HIGH,"Uber, Google, Amazon"
171,Validate Binary Search Tree,Medium,LeetCode,https://leetcode.com/problems/validate-binary-search-tree/,Trees,DFS + Min/Max Bound,MUST_DO,"Amazon, Facebook, Microsoft"
172,Kth Smallest Element in a BST,Medium,LeetCode,https://leetcode.com/problems/kth-smallest-element-in-a-bst/,Trees,Inorder Traversal,HIGH,"Amazon, Bloomberg, Google"
173,Construct Binary Tree from Preorder and Inorder,Medium,LeetCode,https://leetcode.com/problems/construct-binary-tree-from-preorder-and-inorder-traversal/,Trees,Recursive Construction,HIGH,"Amazon, Microsoft, Facebook"
174,Binary Tree Maximum Path Sum,Hard,LeetCode,https://leetcode.com/problems/binary-tree-maximum-path-sum/,Trees,DFS + Global Max,MUST_DO,"Facebook, Amazon, Microsoft"
175,Serialize and Deserialize Binary Tree,Hard,LeetCode,https://leetcode.com/problems/serialize-and-deserialize-binary-tree/,Trees,BFS / DFS Encoding,MUST_DO,"Facebook, Amazon, Google"
176,Path Sum,Easy,LeetCode,https://leetcode.com/problems/path-sum/,Trees,DFS Root-to-Leaf,HIGH,"Amazon, Microsoft"
177,Symmetric Tree,Easy,LeetCode,https://leetcode.com/problems/symmetric-tree/,Trees,Mirror DFS,HIGH,"Amazon, Microsoft, LinkedIn"
178,Flatten Binary Tree to Linked List,Medium,LeetCode,https://leetcode.com/problems/flatten-binary-tree-to-linked-list/,Trees,Morris Traversal / DFS,HIGH,"Amazon, Microsoft"
179,Populating Next Right Pointers,Medium,LeetCode,https://leetcode.com/problems/populating-next-right-pointers-in-each-node/,Trees,BFS / Level Links,HIGH,"Microsoft, Amazon"
180,Find Bottom Left Tree Value,Medium,LeetCode,https://leetcode.com/problems/find-bottom-left-tree-value/,Trees,BFS Last Level,MEDIUM,"Amazon, Google"
181,Number of Islands,Medium,LeetCode,https://leetcode.com/problems/number-of-islands/,BFS,Multi-source BFS/DFS,MUST_DO,"Amazon, Google, Facebook, Microsoft"
182,Rotting Oranges,Medium,LeetCode,https://leetcode.com/problems/rotting-oranges/,BFS,Multi-source BFS,HIGH,"Amazon, Google, DoorDash"
183,Shortest Path in Binary Matrix,Medium,LeetCode,https://leetcode.com/problems/shortest-path-in-binary-matrix/,BFS,BFS Shortest Path,HIGH,"Google, Amazon, Facebook"
184,Word Ladder,Hard,LeetCode,https://leetcode.com/problems/word-ladder/,BFS,BFS Graph Transform,MUST_DO,"Amazon, Facebook, LinkedIn"
185,Pacific Atlantic Water Flow,Medium,LeetCode,https://leetcode.com/problems/pacific-atlantic-water-flow/,BFS,Multi-source BFS,HIGH,"Amazon, Facebook, Google"
186,Course Schedule,Medium,LeetCode,https://leetcode.com/problems/course-schedule/,BFS,Topological Sort BFS,MUST_DO,"Amazon, Facebook, Uber, Yelp"
187,Walls and Gates,Medium,LeetCode,https://leetcode.com/problems/walls-and-gates/,BFS,Multi-source BFS,HIGH,"Facebook, Google, Amazon"
188,Open the Lock,Medium,LeetCode,https://leetcode.com/problems/open-the-lock/,BFS,BFS State Space,HIGH,"Google, Amazon"
189,Jump Game III,Medium,LeetCode,https://leetcode.com/problems/jump-game-iii/,BFS,BFS Index Graph,MEDIUM,"Amazon, Google"
190,Minimum Genetic Mutation,Medium,LeetCode,https://leetcode.com/problems/minimum-genetic-mutation/,BFS,BFS Word Transform,HIGH,"Amazon, Google"
191,Snakes and Ladders,Medium,LeetCode,https://leetcode.com/problems/snakes-and-ladders/,BFS,BFS Grid,HIGH,"Amazon, Google, Bloomberg"
192,Bus Routes,Hard,LeetCode,https://leetcode.com/problems/bus-routes/,BFS,BFS Stop Graph,MEDIUM,"Google, Uber, Amazon"
193,01 Matrix,Medium,LeetCode,https://leetcode.com/problems/01-matrix/,BFS,Multi-source BFS,HIGH,"Amazon, Google, Facebook"
194,Nearest Exit from Entrance in Maze,Medium,LeetCode,https://leetcode.com/problems/nearest-exit-from-entrance-in-maze/,BFS,BFS Grid,MEDIUM,Amazon
195,Minesweeper,Medium,LeetCode,https://leetcode.com/problems/minesweeper/,BFS,BFS / DFS Grid,MEDIUM,"Amazon, Google"
196,As Far from Land as Possible,Medium,LeetCode,https://leetcode.com/problems/as-far-from-land-as-possible/,BFS,Multi-source BFS,HIGH,"Google, Amazon"
197,Network Delay Time,Medium,LeetCode,https://leetcode.com/problems/network-delay-time/,BFS,Dijkstra's Algorithm,HIGH,"Amazon, Facebook, Google"
198,Cheapest Flights Within K Stops,Medium,LeetCode,https://leetcode.com/problems/cheapest-flights-within-k-stops/,BFS,Bellman-Ford / BFS,HIGH,"Amazon, Facebook, Google"
199,Flood Fill,Easy,LeetCode,https://leetcode.com/problems/flood-fill/,BFS,BFS / DFS Grid,HIGH,"Amazon, Facebook, Apple"
200,Find the City With the Smallest Number of Neighbors,Medium,LeetCode,https://leetcode.com/problems/find-the-city-with-the-smallest-number-of-neighbors-at-a-threshold-distance/,BFS,Floyd-Warshall,MEDIUM,"Amazon, Google"
201,Number of Islands,Medium,LeetCode,https://leetcode.com/problems/number-of-islands/,DFS,DFS Grid Flood Fill,MUST_DO,"Amazon, Google, Facebook"
202,Clone Graph,Medium,LeetCode,https://leetcode.com/problems/clone-graph/,DFS,DFS + HashMap,HIGH,"Facebook, Amazon, Google"
203,Course Schedule,Medium,LeetCode,https://leetcode.com/problems/course-schedule/,DFS,DFS Cycle Detection,MUST_DO,"Amazon, Facebook, Yelp"
204,Pacific Atlantic Water Flow,Medium,LeetCode,https://leetcode.com/problems/pacific-atlantic-water-flow/,DFS,Multi-source DFS,HIGH,"Amazon, Facebook"
205,Surrounded Regions,Medium,LeetCode,https://leetcode.com/problems/surrounded-regions/,DFS,Boundary DFS,HIGH,"Google, Amazon"
206,Number of Connected Components in Undirected Graph,Medium,LeetCode,https://leetcode.com/problems/number-of-connected-components-in-an-undirected-graph/,DFS,DFS / Union Find,HIGH,"LinkedIn, Google, Amazon"
207,Graph Valid Tree,Medium,LeetCode,https://leetcode.com/problems/graph-valid-tree/,DFS,DFS Cycle + Connected,HIGH,"Google, Facebook"
208,All Paths From Source to Target,Medium,LeetCode,https://leetcode.com/problems/all-paths-from-source-to-target/,DFS,DFS Backtracking,HIGH,"Google, Facebook, Amazon"
209,Path Sum II,Medium,LeetCode,https://leetcode.com/problems/path-sum-ii/,DFS,DFS Backtracking,HIGH,"Amazon, Facebook"
210,Word Search,Medium,LeetCode,https://leetcode.com/problems/word-search/,DFS,DFS Backtracking Grid,MUST_DO,"Amazon, Microsoft, Google, Bloomberg"
211,Permutations,Medium,LeetCode,https://leetcode.com/problems/permutations/,DFS,DFS Backtracking,MUST_DO,"Amazon, Facebook, Google, Microsoft"
212,Subsets,Medium,LeetCode,https://leetcode.com/problems/subsets/,DFS,DFS Backtracking,MUST_DO,"Amazon, Facebook, Google"
213,Combination Sum,Medium,LeetCode,https://leetcode.com/problems/combination-sum/,DFS,DFS Backtracking,MUST_DO,"Amazon, Microsoft, Uber"
214,Letter Combinations of a Phone Number,Medium,LeetCode,https://leetcode.com/problems/letter-combinations-of-a-phone-number/,DFS,DFS Backtracking,MUST_DO,"Amazon, Facebook, Google"
215,N-Queens,Hard,LeetCode,https://leetcode.com/problems/n-queens/,DFS,DFS Backtracking,HIGH,"Amazon, Microsoft, Uber"
216,Max Area of Island,Medium,LeetCode,https://leetcode.com/problems/max-area-of-island/,DFS,DFS Grid,HIGH,"Amazon, Google, Facebook"
217,Longest Increasing Path in a Matrix,Hard,LeetCode,https://leetcode.com/problems/longest-increasing-path-in-a-matrix/,DFS,DFS + Memoization,HIGH,"Google, Amazon"
218,Redundant Connection,Medium,LeetCode,https://leetcode.com/problems/redundant-connection/,DFS,DFS / Union Find,HIGH,"Amazon, Facebook"
219,Critical Connections in a Network,Hard,LeetCode,https://leetcode.com/problems/critical-connections-in-a-network/,DFS,Tarjan's Algorithm,MEDIUM,"Amazon, Google"
220,Accounts Merge,Medium,LeetCode,https://leetcode.com/problems/accounts-merge/,DFS,DFS / Union Find,HIGH,"Amazon, Google, Facebook"
221,Binary Search,Easy,LeetCode,https://leetcode.com/problems/binary-search/,Binary Search,Classic Binary Search,MUST_DO,"Amazon, Google, Microsoft"
222,Search a 2D Matrix,Medium,LeetCode,https://leetcode.com/problems/search-a-2d-matrix/,Binary Search,Virtual 1D Binary Search,HIGH,"Amazon, Microsoft, Google"
223,Koko Eating Bananas,Medium,LeetCode,https://leetcode.com/problems/koko-eating-bananas/,Binary Search,Binary Search on Answer,HIGH,"Amazon, Facebook, Google"
224,Find Minimum in Rotated Sorted Array,Medium,LeetCode,https://leetcode.com/problems/find-minimum-in-rotated-sorted-array/,Binary Search,Rotated Binary Search,HIGH,"Amazon, Google"
225,Search in Rotated Sorted Array,Medium,LeetCode,https://leetcode.com/problems/search-in-rotated-sorted-array/,Binary Search,Rotated Binary Search,MUST_DO,"Facebook, Amazon, Microsoft"
226,Time Based Key-Value Store,Medium,LeetCode,https://leetcode.com/problems/time-based-key-value-store/,Binary Search,Binary Search on Values,HIGH,"Google, Uber, Amazon"
227,Median of Two Sorted Arrays,Hard,LeetCode,https://leetcode.com/problems/median-of-two-sorted-arrays/,Binary Search,Partition Binary Search,MUST_DO,"Google, Amazon, Microsoft, Apple"
228,Find Peak Element,Medium,LeetCode,https://leetcode.com/problems/find-peak-element/,Binary Search,Boundary Binary Search,HIGH,"Google, Facebook, Microsoft"
229,Capacity To Ship Packages Within D Days,Medium,LeetCode,https://leetcode.com/problems/capacity-to-ship-packages-within-d-days/,Binary Search,Binary Search on Answer,HIGH,"Amazon, Google"
230,Split Array Largest Sum,Hard,LeetCode,https://leetcode.com/problems/split-array-largest-sum/,Binary Search,Binary Search on Answer,HIGH,"Facebook, Amazon, Google"
231,First Bad Version,Easy,LeetCode,https://leetcode.com/problems/first-bad-version/,Binary Search,Classic Binary Search,HIGH,"Facebook, Amazon"
232,Find the Duplicate Number,Medium,LeetCode,https://leetcode.com/problems/find-the-duplicate-number/,Binary Search,Binary Search on Value,HIGH,"Bloomberg, Amazon"
233,Aggressive Cows,Medium,GFG,https://practice.geeksforgeeks.org/problems/aggressive-cows/0,Binary Search,Binary Search on Answer,HIGH,"Amazon, Flipkart, Microsoft"
234,Book Allocation,Medium,GFG,https://practice.geeksforgeeks.org/problems/allocate-minimum-number-of-pages0937/1,Binary Search,Binary Search on Answer,HIGH,"Amazon, Flipkart, Microsoft"
235,Count Negative Numbers in a Sorted Matrix,Easy,LeetCode,https://leetcode.com/problems/count-negative-numbers-in-a-sorted-matrix/,Binary Search,Row-wise Binary Search,MEDIUM,"Google, Amazon"
236,Find K Closest Elements,Medium,LeetCode,https://leetcode.com/problems/find-k-closest-elements/,Binary Search,Binary Search Window,HIGH,"Google, Amazon, LinkedIn"
237,Minimize the Maximum Difference of Pairs,Medium,LeetCode,https://leetcode.com/problems/minimize-the-maximum-difference-of-pairs/,Binary Search,Binary Search on Answer,MEDIUM,"Amazon, Google"
238,Search in Rotated Sorted Array II,Medium,LeetCode,https://leetcode.com/problems/search-in-rotated-sorted-array-ii/,Binary Search,Rotated Binary Search,HIGH,"Amazon, Microsoft"
239,Find Right Interval,Medium,LeetCode,https://leetcode.com/problems/find-right-interval/,Binary Search,Binary Search on Map,MEDIUM,Amazon
240,Check If a Number Is Majority Element in a Sorted Array,Easy,LeetCode,https://leetcode.com/problems/check-if-a-number-is-majority-element-in-a-sorted-array/,Binary Search,Binary Search Count,MEDIUM,Amazon
241,Kth Largest Element in an Array,Medium,LeetCode,https://leetcode.com/problems/kth-largest-element-in-an-array/,Heap,Min-Heap of Size K,MUST_DO,"Amazon, Facebook, Google, Microsoft"
242,Top K Frequent Elements,Medium,LeetCode,https://leetcode.com/problems/top-k-frequent-elements/,Heap,HashMap + Min-Heap,MUST_DO,"Amazon, Facebook, LinkedIn"
243,Find Median from Data Stream,Hard,LeetCode,https://leetcode.com/problems/find-median-from-data-stream/,Heap,Two Heaps,MUST_DO,"Amazon, Google, Microsoft"
244,Merge K Sorted Lists,Hard,LeetCode,https://leetcode.com/problems/merge-k-sorted-lists/,Heap,Min-Heap Merge,MUST_DO,"Amazon, Facebook, Google, LinkedIn"
245,Task Scheduler,Medium,LeetCode,https://leetcode.com/problems/task-scheduler/,Heap,Max-Heap + Greedy,HIGH,"Facebook, Amazon, Google"
246,K Closest Points to Origin,Medium,LeetCode,https://leetcode.com/problems/k-closest-points-to-origin/,Heap,Max-Heap of Size K,MUST_DO,"Amazon, Facebook, LinkedIn"
247,Design Twitter,Medium,LeetCode,https://leetcode.com/problems/design-twitter/,Heap,Min-Heap + HashMap,HIGH,"Amazon, Twitter"
248,Reorganize String,Medium,LeetCode,https://leetcode.com/problems/reorganize-string/,Heap,Max-Heap + Greedy,HIGH,"Google, Amazon"
249,Smallest Range Covering Elements from K Lists,Hard,LeetCode,https://leetcode.com/problems/smallest-range-covering-elements-from-k-lists/,Heap,Min-Heap + Sliding Window,HIGH,"Google, Amazon"
250,Ugly Number II,Medium,LeetCode,https://leetcode.com/problems/ugly-number-ii/,Heap,Min-Heap DP,HIGH,"Google, Amazon"
251,Sort Characters By Frequency,Medium,LeetCode,https://leetcode.com/problems/sort-characters-by-frequency/,Heap,HashMap + Max-Heap,HIGH,"Amazon, Facebook"
252,Last Stone Weight,Easy,LeetCode,https://leetcode.com/problems/last-stone-weight/,Heap,Max-Heap Simulation,HIGH,"Amazon, Google"
253,Kth Smallest Element in a Sorted Matrix,Medium,LeetCode,https://leetcode.com/problems/kth-smallest-element-in-a-sorted-matrix/,Heap,Min-Heap / Binary Search,HIGH,"Google, Amazon, Microsoft"
254,Distant Barcodes,Medium,LeetCode,https://leetcode.com/problems/distant-barcodes/,Heap,Max-Heap + Greedy,MEDIUM,"Amazon, Google"
255,Minimum Cost to Connect Sticks,Medium,LeetCode,https://leetcode.com/problems/minimum-cost-to-connect-sticks/,Heap,Min-Heap Greedy,HIGH,Amazon
256,Find K Pairs with Smallest Sums,Medium,LeetCode,https://leetcode.com/problems/find-k-pairs-with-smallest-sums/,Heap,Min-Heap,HIGH,"Google, Amazon"
257,Maximum Subsequent Sum with Non-adjacent elements,Medium,GFG,https://practice.geeksforgeeks.org/problems/max-sum-without-adjacents2430/1,Heap,DP / Greedy,MEDIUM,Amazon
258,Meeting Rooms II,Medium,LeetCode,https://leetcode.com/problems/meeting-rooms-ii/,Heap,Min-Heap + Sort,MUST_DO,"Amazon, Google, Facebook, Bloomberg"
259,IPO,Hard,LeetCode,https://leetcode.com/problems/ipo/,Heap,Max-Heap Greedy,MEDIUM,Amazon
260,Sliding Window Median,Hard,LeetCode,https://leetcode.com/problems/sliding-window-median/,Heap,Two Heaps Sliding,HIGH,"Google, Amazon"
261,Jump Game,Medium,LeetCode,https://leetcode.com/problems/jump-game/,Greedy,Greedy Max Reach,MUST_DO,"Amazon, Microsoft, Apple"
262,Jump Game II,Medium,LeetCode,https://leetcode.com/problems/jump-game-ii/,Greedy,Greedy Min Jumps,HIGH,"Amazon, Microsoft, Bloomberg"
263,Gas Station,Medium,LeetCode,https://leetcode.com/problems/gas-station/,Greedy,Circular Greedy,HIGH,"Amazon, Google"
264,Hand of Straights,Medium,LeetCode,https://leetcode.com/problems/hand-of-straights/,Greedy,Sorted HashMap Greedy,HIGH,"Google, Amazon"
265,Merge Triplets to Form Target,Medium,LeetCode,https://leetcode.com/problems/merge-triplets-to-form-target-triplet/,Greedy,Greedy Filter,MEDIUM,Amazon
266,Partition Labels,Medium,LeetCode,https://leetcode.com/problems/partition-labels/,Greedy,Last Index Greedy,HIGH,"Amazon, Facebook"
267,Valid Parenthesis String,Medium,LeetCode,https://leetcode.com/problems/valid-parenthesis-string/,Greedy,Range Tracking Greedy,HIGH,"Amazon, Google"
268,Assign Cookies,Easy,LeetCode,https://leetcode.com/problems/assign-cookies/,Greedy,Sort + Greedy Match,MEDIUM,"Google, Amazon"
269,Lemonade Change,Easy,LeetCode,https://leetcode.com/problems/lemonade-change/,Greedy,Simulation Greedy,MEDIUM,"Amazon, Google"
270,Best Time to Buy and Sell Stock II,Medium,LeetCode,https://leetcode.com/problems/best-time-to-buy-and-sell-stock-ii/,Greedy,Peak Valley Greedy,HIGH,"Amazon, Bloomberg"
271,Non-overlapping Intervals,Medium,LeetCode,https://leetcode.com/problems/non-overlapping-intervals/,Greedy,Sort by End Greedy,HIGH,"Amazon, Google, Bloomberg"
272,Minimum Number of Arrows to Burst Balloons,Medium,LeetCode,https://leetcode.com/problems/minimum-number-of-arrows-to-burst-balloons/,Greedy,Interval Greedy,HIGH,"Amazon, Facebook"
273,Candy,Hard,LeetCode,https://leetcode.com/problems/candy/,Greedy,Two Pass Greedy,HIGH,"Amazon, Google"
274,Bag of Tokens,Medium,LeetCode,https://leetcode.com/problems/bag-of-tokens/,Greedy,Two Pointer Greedy,MEDIUM,Amazon
275,Maximum Units on a Truck,Easy,LeetCode,https://leetcode.com/problems/maximum-units-on-a-truck/,Greedy,Sort + Greedy Fill,MEDIUM,"Amazon, Google"
276,Minimum Platforms,Medium,GFG,https://practice.geeksforgeeks.org/problems/minimum-platforms-1587115620/1,Greedy,Sort + Two Pointer,HIGH,"Amazon, Microsoft, Flipkart"
277,Activity Selection,Easy,GFG,https://practice.geeksforgeeks.org/problems/activity-selection-1587115620/1,Greedy,Sort by End,HIGH,"Amazon, Microsoft"
278,Fractional Knapsack,Medium,GFG,https://practice.geeksforgeeks.org/problems/fractional-knapsack-1587115620/1,Greedy,Sort by Value/Weight,HIGH,"Amazon, Microsoft, Adobe"
279,Reorganize String,Medium,LeetCode,https://leetcode.com/problems/reorganize-string/,Greedy,Max-Heap Greedy,HIGH,"Google, Amazon"
280,Largest Number,Medium,LeetCode,https://leetcode.com/problems/largest-number/,Greedy,Custom Sort Greedy,HIGH,"Amazon, Google, Facebook"
281,Climbing Stairs,Easy,LeetCode,https://leetcode.com/problems/climbing-stairs/,Dynamic Programming,1D DP / Fibonacci,MUST_DO,"Amazon, Adobe, Google"
282,Min Cost Climbing Stairs,Easy,LeetCode,https://leetcode.com/problems/min-cost-climbing-stairs/,Dynamic Programming,1D DP,HIGH,"Amazon, Google"
283,House Robber,Medium,LeetCode,https://leetcode.com/problems/house-robber/,Dynamic Programming,1D DP,MUST_DO,"Amazon, Microsoft, Airbnb"
284,House Robber II,Medium,LeetCode,https://leetcode.com/problems/house-robber-ii/,Dynamic Programming,Circular 1D DP,HIGH,"Amazon, Microsoft"
285,Longest Palindromic Substring,Medium,LeetCode,https://leetcode.com/problems/longest-palindromic-substring/,Dynamic Programming,2D DP / Expand,MUST_DO,"Amazon, Microsoft, Google"
286,Palindromic Substrings,Medium,LeetCode,https://leetcode.com/problems/palindromic-substrings/,Dynamic Programming,2D DP / Expand,HIGH,"Amazon, Facebook"
287,Decode Ways,Medium,LeetCode,https://leetcode.com/problems/decode-ways/,Dynamic Programming,1D DP,HIGH,"Facebook, Amazon, Google"
288,Coin Change,Medium,LeetCode,https://leetcode.com/problems/coin-change/,Dynamic Programming,Unbounded Knapsack,MUST_DO,"Amazon, Google, Lyft"
289,Maximum Product Subarray,Medium,LeetCode,https://leetcode.com/problems/maximum-product-subarray/,Dynamic Programming,Kadane's Variant,HIGH,"Amazon, Microsoft, Google"
290,Word Break,Medium,LeetCode,https://leetcode.com/problems/word-break/,Dynamic Programming,DP + HashSet,MUST_DO,"Google, Amazon, Facebook, Bloomberg"
291,Longest Increasing Subsequence,Medium,LeetCode,https://leetcode.com/problems/longest-increasing-subsequence/,Dynamic Programming,DP / Patience Sort,MUST_DO,"Amazon, Microsoft, Google"
292,Partition Equal Subset Sum,Medium,LeetCode,https://leetcode.com/problems/partition-equal-subset-sum/,Dynamic Programming,0/1 Knapsack,HIGH,"Amazon, Facebook, Google"
293,Unique Paths,Medium,LeetCode,https://leetcode.com/problems/unique-paths/,Dynamic Programming,2D DP Grid,MUST_DO,"Amazon, Google, Facebook"
294,Longest Common Subsequence,Medium,LeetCode,https://leetcode.com/problems/longest-common-subsequence/,Dynamic Programming,2D DP,MUST_DO,"Amazon, Google, Microsoft"
295,Edit Distance,Hard,LeetCode,https://leetcode.com/problems/edit-distance/,Dynamic Programming,2D DP,MUST_DO,"Amazon, Google, Microsoft"
296,Burst Balloons,Hard,LeetCode,https://leetcode.com/problems/burst-balloons/,Dynamic Programming,Interval DP,HIGH,"Amazon, Google"
297,Regular Expression Matching,Hard,LeetCode,https://leetcode.com/problems/regular-expression-matching/,Dynamic Programming,2D DP,HIGH,"Amazon, Facebook, Google"
298,Distinct Subsequences,Hard,LeetCode,https://leetcode.com/problems/distinct-subsequences/,Dynamic Programming,2D DP,HIGH,"Amazon, Google"
299,Best Time to Buy and Sell Stock with Cooldown,Medium,LeetCode,https://leetcode.com/problems/best-time-to-buy-and-sell-stock-with-cooldown/,Dynamic Programming,State Machine DP,HIGH,"Amazon, Google"
300,Target Sum,Medium,LeetCode,https://leetcode.com/problems/target-sum/,Dynamic Programming,0/1 Knapsack / DFS Memo,HIGH,"Amazon, Facebook, Google"
301,Number of Provinces,Medium,LeetCode,https://leetcode.com/problems/number-of-provinces/,Graph,DFS / Union Find,HIGH,"Amazon, Google"
302,Redundant Connection,Medium,LeetCode,https://leetcode.com/problems/redundant-connection/,Graph,Union Find,HIGH,"Amazon, Facebook"
303,Number of Islands,Medium,LeetCode,https://leetcode.com/problems/number-of-islands/,Graph,DFS/BFS Flood Fill,MUST_DO,"Amazon, Google, Facebook"
304,Graph Valid Tree,Medium,LeetCode,https://leetcode.com/problems/graph-valid-tree/,Graph,DFS / Union Find,HIGH,"Google, Facebook"
305,Number of Connected Components,Medium,LeetCode,https://leetcode.com/problems/number-of-connected-components-in-an-undirected-graph/,Graph,Union Find / DFS,HIGH,"LinkedIn, Google"
306,Course Schedule II,Medium,LeetCode,https://leetcode.com/problems/course-schedule-ii/,Graph,Topological Sort,MUST_DO,"Amazon, Facebook, Uber"
307,Alien Dictionary,Hard,LeetCode,https://leetcode.com/problems/alien-dictionary/,Graph,Topological Sort,MUST_DO,"Amazon, Google, Facebook"
308,Network Delay Time,Medium,LeetCode,https://leetcode.com/problems/network-delay-time/,Graph,Dijkstra,HIGH,"Amazon, Facebook"
309,Min Cost to Connect All Points,Medium,LeetCode,https://leetcode.com/problems/min-cost-to-connect-all-points/,Graph,Prim's / Kruskal's MST,HIGH,"Amazon, Google"
310,Swim in Rising Water,Hard,LeetCode,https://leetcode.com/problems/swim-in-rising-water/,Graph,Dijkstra / Binary Search + BFS,HIGH,"Google, Amazon"
311,Reconstruct Itinerary,Hard,LeetCode,https://leetcode.com/problems/reconstruct-itinerary/,Graph,Hierholzer's Eulerian Path,HIGH,"Amazon, Google"
312,Word Ladder II,Hard,LeetCode,https://leetcode.com/problems/word-ladder-ii/,Graph,BFS + DFS Backtrack,HIGH,"Facebook, Amazon"
313,Evaluate Division,Medium,LeetCode,https://leetcode.com/problems/evaluate-division/,Graph,Weighted Graph BFS,HIGH,"Google, Amazon"
314,Find the Town Judge,Easy,LeetCode,https://leetcode.com/problems/find-the-town-judge/,Graph,In/Out Degree,MEDIUM,"Amazon, Google"
315,Possible Bipartition,Medium,LeetCode,https://leetcode.com/problems/possible-bipartition/,Graph,Bipartite Check DFS,HIGH,"Amazon, Google"
316,Is Graph Bipartite?,Medium,LeetCode,https://leetcode.com/problems/is-graph-bipartite/,Graph,BFS 2-Coloring,HIGH,"Google, Amazon"
317,Keys and Rooms,Medium,LeetCode,https://leetcode.com/problems/keys-and-rooms/,Graph,DFS Reachability,MEDIUM,"Amazon, Google"
318,Minimum Spanning Tree,Medium,GFG,https://practice.geeksforgeeks.org/problems/minimum-spanning-tree/1,Graph,Prim's / Kruskal's,HIGH,"Amazon, Microsoft, Flipkart"
319,Strongly Connected Components,Hard,GFG,https://practice.geeksforgeeks.org/problems/strongly-connected-components-kosarajus-algo/1,Graph,Kosaraju's / Tarjan's,HIGH,"Google, Amazon"
320,Bellman Ford Algorithm,Medium,GFG,https://practice.geeksforgeeks.org/problems/distance-from-the-source-bellman-ford-algorithm/1,Graph,Bellman-Ford,HIGH,"Amazon, Google, Microsoft"
321,Implement Trie,Medium,LeetCode,https://leetcode.com/problems/implement-trie-prefix-tree/,Trie,Trie Construction,MUST_DO,"Amazon, Google, Facebook, Microsoft"
322,Add and Search Word,Medium,LeetCode,https://leetcode.com/problems/design-add-and-search-words-data-structure/,Trie,Trie + DFS Wildcard,HIGH,"Facebook, Amazon"
323,Word Search II,Hard,LeetCode,https://leetcode.com/problems/word-search-ii/,Trie,Trie + DFS Backtrack,MUST_DO,"Airbnb, Amazon, Google"
324,Longest Word in Dictionary,Medium,LeetCode,https://leetcode.com/problems/longest-word-in-dictionary/,Trie,Trie BFS/DFS,MEDIUM,"Google, Amazon"
325,Replace Words,Medium,LeetCode,https://leetcode.com/problems/replace-words/,Trie,Trie Prefix Match,HIGH,"Amazon, Uber"
326,Map Sum Pairs,Medium,LeetCode,https://leetcode.com/problems/map-sum-pairs/,Trie,Trie with Values,MEDIUM,"Amazon, Google"
327,Maximum XOR of Two Numbers,Medium,LeetCode,https://leetcode.com/problems/maximum-xor-of-two-numbers-in-an-array/,Trie,Bit Trie,HIGH,"Amazon, Google"
328,Index Pairs of a String,Easy,LeetCode,https://leetcode.com/problems/index-pairs-of-a-string/,Trie,Trie Match,MEDIUM,Amazon
329,Palindrome Pairs,Hard,LeetCode,https://leetcode.com/problems/palindrome-pairs/,Trie,Trie + Reverse,HIGH,"Airbnb, Amazon, Google"
330,Short Encoding of Words,Medium,LeetCode,https://leetcode.com/problems/short-encoding-of-words/,Trie,Suffix Trie,MEDIUM,Amazon
331,Number of Distinct Substrings,Medium,GFG,https://practice.geeksforgeeks.org/problems/count-of-distinct-substrings/1,Trie,Trie Insertion Count,HIGH,"Amazon, Google"
332,Concatenated Words,Hard,LeetCode,https://leetcode.com/problems/concatenated-words/,Trie,Trie + DFS,HIGH,"Google, Amazon"
333,Design Search Autocomplete System,Hard,LeetCode,https://leetcode.com/problems/design-search-autocomplete-system/,Trie,Trie + Priority Queue,HIGH,"Google, Amazon, Microsoft"
334,Stream of Characters,Hard,LeetCode,https://leetcode.com/problems/stream-of-characters/,Trie,Reverse Trie,MEDIUM,"Amazon, Google"
335,Count Pairs With XOR in a Range,Hard,LeetCode,https://leetcode.com/problems/count-pairs-with-xor-in-a-range/,Trie,Bit Trie,MEDIUM,Amazon
336,Prefix and Suffix Search,Hard,LeetCode,https://leetcode.com/problems/prefix-and-suffix-search/,Trie,Wrapped Key Trie,MEDIUM,Google
337,Implement Magic Dictionary,Medium,LeetCode,https://leetcode.com/problems/implement-magic-dictionary/,Trie,Trie + Edit Distance,MEDIUM,"Facebook, Amazon"
338,Distinct Subsequences II,Hard,LeetCode,https://leetcode.com/problems/distinct-subsequences-ii/,Trie,DP / Trie,MEDIUM,"Amazon, Google"
339,Count of Substrings Containing Every Vowel,Medium,LeetCode,https://leetcode.com/problems/find-the-number-of-distinct-string-count/,Trie,Sliding Window / Trie,MEDIUM,"Amazon, Google"
340,Lexicographical Numbers,Medium,LeetCode,https://leetcode.com/problems/lexicographical-numbers/,Trie,DFS Trie Traversal,HIGH,"Amazon, Google"
341,N-Queens,Hard,LeetCode,https://leetcode.com/problems/n-queens/,Backtracking,Classic Backtracking,HIGH,"Amazon, Microsoft, Uber"
342,Sudoku Solver,Hard,LeetCode,https://leetcode.com/problems/sudoku-solver/,Backtracking,Constraint Propagation,HIGH,"Amazon, Uber, Google"
343,Combination Sum,Medium,LeetCode,https://leetcode.com/problems/combination-sum/,Backtracking,Backtracking + Pruning,MUST_DO,"Amazon, Microsoft, Uber"
344,Combination Sum II,Medium,LeetCode,https://leetcode.com/problems/combination-sum-ii/,Backtracking,Backtracking + Skip Dupes,HIGH,"Amazon, Microsoft"
345,Permutations,Medium,LeetCode,https://leetcode.com/problems/permutations/,Backtracking,Swap Backtracking,MUST_DO,"Amazon, Facebook, Google"
346,Permutations II,Medium,LeetCode,https://leetcode.com/problems/permutations-ii/,Backtracking,Backtracking + Used Array,HIGH,"Amazon, LinkedIn, Microsoft"
347,Subsets,Medium,LeetCode,https://leetcode.com/problems/subsets/,Backtracking,Include/Exclude,MUST_DO,"Amazon, Facebook, Google"
348,Subsets II,Medium,LeetCode,https://leetcode.com/problems/subsets-ii/,Backtracking,Backtracking + Skip Dupes,HIGH,"Amazon, Facebook"
349,Letter Combinations of a Phone Number,Medium,LeetCode,https://leetcode.com/problems/letter-combinations-of-a-phone-number/,Backtracking,Backtracking Digit Map,MUST_DO,"Amazon, Facebook, Google"
350,Word Search,Medium,LeetCode,https://leetcode.com/problems/word-search/,Backtracking,DFS + Backtrack Grid,MUST_DO,"Amazon, Microsoft, Bloomberg"
351,Palindrome Partitioning,Medium,LeetCode,https://leetcode.com/problems/palindrome-partitioning/,Backtracking,Backtracking + Palindrome Check,HIGH,"Amazon, Google, Facebook"
352,Restore IP Addresses,Medium,LeetCode,https://leetcode.com/problems/restore-ip-addresses/,Backtracking,Backtracking 4-parts,HIGH,"Amazon, Google"
353,Path Sum III,Medium,LeetCode,https://leetcode.com/problems/path-sum-iii/,Backtracking,DFS + Prefix Sum,HIGH,"Amazon, Facebook"
354,Expression Add Operators,Hard,LeetCode,https://leetcode.com/problems/expression-add-operators/,Backtracking,Backtracking Math,HIGH,"Amazon, Facebook, Google"
355,Word Break II,Hard,LeetCode,https://leetcode.com/problems/word-break-ii/,Backtracking,Backtracking + Memo,HIGH,"Amazon, Google"
356,Rat in a Maze,Medium,GFG,https://practice.geeksforgeeks.org/problems/rat-in-a-maze-problem/1,Backtracking,DFS Backtracking Grid,HIGH,"Amazon, Flipkart, Microsoft"
357,M-Coloring Problem,Medium,GFG,https://practice.geeksforgeeks.org/problems/m-coloring-problem-1587115620/1,Backtracking,Constraint Backtracking,HIGH,"Amazon, Google"
358,Combination Sum III,Medium,LeetCode,https://leetcode.com/problems/combination-sum-iii/,Backtracking,Backtracking + Bound,MEDIUM,"Amazon, Google"
359,Beautiful Arrangement,Medium,LeetCode,https://leetcode.com/problems/beautiful-arrangement/,Backtracking,Permutation Backtracking,MEDIUM,"Google, Amazon"
360,All Possible Full Binary Trees,Medium,LeetCode,https://leetcode.com/problems/all-possible-full-binary-trees/,Backtracking,Recursive Tree Generation,MEDIUM,"Amazon, Google"
